"app_commit","capture_mode","theme","viewport","state","path","width","height","bytes","sha256"
"11c478d","production-build-preview","light","1920x1080","playlists","11c478d/light/1920x1080/playlists.png","1920","1080","42254","d39af6b39e73cd503db46cc6c3a7675f2cc924be1336269b8d70e4d1d70e7284"
"11c478d","production-build-preview","light","1920x1080","playlist","11c478d/light/1920x1080/playlist.png","1920","1080","108063","89cae8c0c8eba0b2a0ed5bcf22abe98de65c2abca25bf94d304784da7fc1ed33"
"11c478d","production-build-preview","light","1920x1080","playing-queue","11c478d/light/1920x1080/playing-queue.png","1920","1080","162895","0087f38bbf7328915ffd16ae076d6b3226c249a062249510efa696d70abc08ac"
"11c478d","production-build-preview","light","1920x1080","recent-history","11c478d/light/1920x1080/recent-history.png","1920","1080","121584","111dbd0a1690897be20d94cb9a18006a2c6c16f795d61a9183da30e2f1647e5e"
"11c478d","production-build-preview","light","1920x1080","settings-menu","11c478d/light/1920x1080/settings-menu.png","1920","1080","48331","5a0a2c1ea82dc1f56afe2065dfc937dcaeed42a2e6a6f8131f2341ac2cb8844e"
"11c478d","production-build-preview","light","1920x1080","background-picker","11c478d/light/1920x1080/background-picker.png","1920","1080","267739","a01f6df48516f5ee3e454b50e32fad75872a085eebb3897e360805ed1d8c6d3e"
"11c478d","production-build-preview","light","1920x1080","about-dialog","11c478d/light/1920x1080/about-dialog.png","1920","1080","129598","87903bfd07281f8b8d673b76d50639aeea93d18dfba65b58d653080bf37270a7"
"11c478d","production-build-preview","light","1920x1080","create-playlist-dialog","11c478d/light/1920x1080/create-playlist-dialog.png","1920","1080","58184","9876f75c599afeb9875b3c1ddc01f7802c86de39c5d849ef55f848555dfde113"
"11c478d","production-build-preview","light","1920x1080","playlist-filter","11c478d/light/1920x1080/playlist-filter.png","1920","1080","218312","160c17f478d1ce0a4584e1552c443d286715f4c2793107404c1458294b3208ab"
"11c478d","production-build-preview","light","1920x1080","playlist-actions","11c478d/light/1920x1080/playlist-actions.png","1920","1080","77911","2ac3c085f0c42af5f3602e5862a628746caf211e8fa79aa6ba1343a558f0fc40"
"11c478d","production-build-preview","light","1920x1080","music-actions","11c478d/light/1920x1080/music-actions.png","1920","1080","116328","d61ab211495da1d15c4259eac22f682c02f7b4e8733155b4d63091d6398816e1"
"11c478d","production-build-preview","light","1920x1080","download-manager","11c478d/light/1920x1080/download-manager.png","1920","1080","50468","e2d7b8bf77c7f3bde37e364beaccd4123eda924356dcac5f08990c0cc9e21c2b"
"11c478d","production-build-preview","light","1180x820","playlists","11c478d/light/1180x820/playlists.png","1180","820","36573","0c86397fb01f9fb478b615db032bae21e6f4b26ca50d9dd8f08244285aaa8523"
"11c478d","production-build-preview","light","1180x820","playlist","11c478d/light/1180x820/playlist.png","1180","820","69840","a74b375748cea3d1acf2939879a93ce839429679100bc7f25a035d7f534196af"
"11c478d","production-build-preview","light","1180x820","playing-queue","11c478d/light/1180x820/playing-queue.png","1180","820","102996","695e209fe7487d4eb4dc46efc4e8a67c2545bdd8869e43bab2ef89fc77b6cadc"
"11c478d","production-build-preview","light","1180x820","recent-history","11c478d/light/1180x820/recent-history.png","1180","820","82937","03508f3660bfa324eb1183d9d8dbafd49f4948f007a2971b170e354eb78d9d39"
"11c478d","production-build-preview","light","1180x820","settings-menu","11c478d/light/1180x820/settings-menu.png","1180","820","42384","e02ca44b38ed41704ed5db8e0aaefdc951bfdee4451296621474e6b5f6678328"
"11c478d","production-build-preview","light","1180x820","background-picker","11c478d/light/1180x820/background-picker.png","1180","820","259926","a7cfe29ccd6fb0db37e58729a40fece3ebc8bf5577526fb7730cc3d6c116b854"
"11c478d","production-build-preview","light","1180x820","about-dialog","11c478d/light/1180x820/about-dialog.png","1180","820","117471","14a5c862104df5f91a637a1f2725d6066bb6a3c30a9e74eb75fae9dc53d520b7"
"11c478d","production-build-preview","light","1180x820","create-playlist-dialog","11c478d/light/1180x820/create-playlist-dialog.png","1180","820","52017","86e4d22f6987d21ba55eecdfe208da7e5ba0bb9ff4192148b4a5910979aa95be"
"11c478d","production-build-preview","light","1180x820","playlist-filter","11c478d/light/1180x820/playlist-filter.png","1180","820","178368","8db793f294b4e66e1dde701b98d06ff8c011283e76c0be892b3c1519ff378ac7"
"11c478d","production-build-preview","light","1180x820","playlist-actions","11c478d/light/1180x820/playlist-actions.png","1180","820","70319","2d2efb7fdb68c8827f8ba7633f1ebffb044f58435e7c1092a833efb08039aae9"
"11c478d","production-build-preview","light","1180x820","music-actions","11c478d/light/1180x820/music-actions.png","1180","820","77650","668bdc58a4c7da88d72386b6c96b71e3b7847bf792ba8db824a510672544097d"
"11c478d","production-build-preview","light","1180x820","download-manager","11c478d/light/1180x820/download-manager.png","1180","820","44902","7ed21b75048ab459479018e2a2d4c6d8c5d0f4eb69ade339572fee9f02386baf"
"11c478d","production-build-preview","light","820x1180","playlists","11c478d/light/820x1180/playlists.png","820","1180","36720","222e8eb102227191048ae2358ccb32a4485aca227bc3f4994b4e751812d6cfec"
"11c478d","production-build-preview","light","820x1180","playlist","11c478d/light/820x1180/playlist.png","820","1180","109141","ee9a381cb3226235bb62ef5b14d5d2477a1755658913ead0241759acc1c6e2a5"
"11c478d","production-build-preview","light","820x1180","playing-queue","11c478d/light/820x1180/playing-queue.png","820","1180","163577","c1a86926d02708aeaffe72348fdeb4a8a9aca59d03b4cd1e421d069d7354958b"
"11c478d","production-build-preview","light","820x1180","recent-history","11c478d/light/820x1180/recent-history.png","820","1180","121804","3fece9dea8e034f23331ffd8c39d9ae68e6b591dd42ae340f55b555e9002e3d7"
"11c478d","production-build-preview","light","820x1180","settings-menu","11c478d/light/820x1180/settings-menu.png","820","1180","41933","35250dc33ca99993b14243defb4ec6c0fd60a117fe5059f3391e1a3dc0e871ef"
"11c478d","production-build-preview","light","820x1180","background-picker","11c478d/light/820x1180/background-picker.png","820","1180","260108","919e68c8260d496b165379d9d3af0b0947da4d08e7219c0eb3532d326c301fc8"
"11c478d","production-build-preview","light","820x1180","about-dialog","11c478d/light/820x1180/about-dialog.png","820","1180","114771","91fa7228158a1c4cd211a95ca5df0895c1251bbce49548c9536bb964343f4665"
"11c478d","production-build-preview","light","820x1180","create-playlist-dialog","11c478d/light/820x1180/create-playlist-dialog.png","820","1180","51879","90e6b18549acc1205f0d8666d792ce78c907c87b1b2282e831d40a5d6a93a793"
"11c478d","production-build-preview","light","820x1180","playlist-filter","11c478d/light/820x1180/playlist-filter.png","820","1180","201040","bbdfdbeb5b8d9082801d49f8796f74fefd3e3fb866e8ff193ce9678956733be5"
"11c478d","production-build-preview","light","820x1180","playlist-actions","11c478d/light/820x1180/playlist-actions.png","820","1180","67918","a86bcc81a9b2ce434423de477a24b8dbde23ac02481a0f3bd332efb36f854259"
"11c478d","production-build-preview","light","820x1180","music-actions","11c478d/light/820x1180/music-actions.png","820","1180","116495","84c9f8f86cca36796a66b984bb44b26c4d40a320757fa9e885dc26049a51f8a2"
"11c478d","production-build-preview","light","820x1180","download-manager","11c478d/light/820x1180/download-manager.png","820","1180","44225","9f97f723a880e01d1112e42058c461255c84a1ec7aed203828c4edb3aa5a932c"
"11c478d","production-build-preview","light","393x852","playlists","11c478d/light/393x852/playlists.png","393","852","29044","2033da4957c2a623f59524b729e0e17d23a822b0749e75badeb90213d4bb3897"
"11c478d","production-build-preview","light","393x852","playlist","11c478d/light/393x852/playlist.png","393","852","63519","be6f2db71125e57a5a7d21578df1c04d1d8b3b1a8b21e0f0ddbb46b673046be8"
"11c478d","production-build-preview","light","393x852","playing-queue","11c478d/light/393x852/playing-queue.png","393","852","52568","27d40c5c07d6b5d399195b174e9678d7beed1116480e7c4c2f5509a7afd5f723"
"11c478d","production-build-preview","light","393x852","recent-history","11c478d/light/393x852/recent-history.png","393","852","35839","501975a32632603332e063ab2ad3a3a0a71d92a27385c1bf9f3e85bc64c12814"
"11c478d","production-build-preview","light","393x852","settings-menu","11c478d/light/393x852/settings-menu.png","393","852","34505","8a6c6163199435892fe2c9b5f3bdbccbe35ff8101bbaaa79348308e9fd6e8744"
"11c478d","production-build-preview","light","393x852","background-picker","11c478d/light/393x852/background-picker.png","393","852","231564","745c86d50c5d2a36b54e846d5aaab4fba0e29d9cd2f57c36dd88a805a3a19584"
"11c478d","production-build-preview","light","393x852","about-dialog","11c478d/light/393x852/about-dialog.png","393","852","88044","dbe01021daf6f80e49a5d5b0ea7d793392bcff8795d897b1e16be620c5964b11"
"11c478d","production-build-preview","light","393x852","create-playlist-dialog","11c478d/light/393x852/create-playlist-dialog.png","393","852","40921","04ab515eb1239881d775b4adb072b65aa487f919fcc633055856c86845d136df"
"11c478d","production-build-preview","light","393x852","playlist-filter","11c478d/light/393x852/playlist-filter.png","393","852","151068","244aa6bed3f1ded3dc7df5cfc9dc6284785dfa9c717696af372d60c822af93c0"
"11c478d","production-build-preview","light","393x852","playlist-actions","11c478d/light/393x852/playlist-actions.png","393","852","54058","f6e72f30765fd3b6ad505963d01dbd1a0d50b3dc5e631e270e578fa952d42867"
"11c478d","production-build-preview","light","393x852","music-actions","11c478d/light/393x852/music-actions.png","393","852","69244","264dbbae5436912e90bd5b7ca1789c8384687fa733de8b5ac3e568cbd8c467b0"
"11c478d","production-build-preview","light","393x852","download-manager","11c478d/light/393x852/download-manager.png","393","852","36964","6342a010020d42f6a7f9132ce7c0cfefd27edc88b0e76b7db1dd5add5feb38e5"
"11c478d","production-build-preview","dark","1920x1080","playlists","11c478d/dark/1920x1080/playlists.png","1920","1080","36906","f377dc65dbf57ac6c5d60ff88800a1e7a3eb99ef25568110c694a4447e3eb20d"
"11c478d","production-build-preview","dark","1920x1080","playlist","11c478d/dark/1920x1080/playlist.png","1920","1080","98547","6da73431fde8e6a0b0a0f366678e33d317de39a6db2a6223f1563aa78ee26518"
"11c478d","production-build-preview","dark","1920x1080","playing-queue","11c478d/dark/1920x1080/playing-queue.png","1920","1080","146074","20e5d111b84855796d899648716822bbe40054f0f8cb15f42c6ae137d6dfd06a"
"11c478d","production-build-preview","dark","1920x1080","recent-history","11c478d/dark/1920x1080/recent-history.png","1920","1080","109783","e04da55722c29978fc80a372b5dee3ac224a0e64abdbeb90110e41f64d6697cb"
"11c478d","production-build-preview","dark","1920x1080","settings-menu","11c478d/dark/1920x1080/settings-menu.png","1920","1080","40552","0824cedbd047668b488a73c8bbbd9d6ee0dc79ca3616da7baf1f6cae00b3bcf7"
"11c478d","production-build-preview","dark","1920x1080","background-picker","11c478d/dark/1920x1080/background-picker.png","1920","1080","258865","2b7cac40af7e2503c8e8d7a75f18309f43322ed4d9aba628dc7dd5f893262cfd"
"11c478d","production-build-preview","dark","1920x1080","about-dialog","11c478d/dark/1920x1080/about-dialog.png","1920","1080","80605","7cc66df2ceef9250e55fe661e349f36682905b12a2fc5fd6a6f9c18555a24e03"
"11c478d","production-build-preview","dark","1920x1080","create-playlist-dialog","11c478d/dark/1920x1080/create-playlist-dialog.png","1920","1080","47620","8754a0fa95eb2658239b587e1b3e77f0f679775387b335cc02fcb77d751fc75e"
"11c478d","production-build-preview","dark","1920x1080","playlist-filter","11c478d/dark/1920x1080/playlist-filter.png","1920","1080","210100","5a56ed03763518778aacfec6026d7585cd68b0bb132334702429ad63e911e629"
"11c478d","production-build-preview","dark","1920x1080","playlist-actions","11c478d/dark/1920x1080/playlist-actions.png","1920","1080","66871","fe8472715d5fab111b2818374da10b054e6ec13ac6398b07c3f9438bd3cd7e31"
"11c478d","production-build-preview","dark","1920x1080","music-actions","11c478d/dark/1920x1080/music-actions.png","1920","1080","102846","cc613a595215cc9a2f952ae9900d61d40333ee1ccbc4fb9f1747932c7ad5e1a7"
"11c478d","production-build-preview","dark","1920x1080","download-manager","11c478d/dark/1920x1080/download-manager.png","1920","1080","45196","9d473eb071ec66b7a0a4b59f993c18099085709a9490fbc4c415b44a5dae4e85"
"11c478d","production-build-preview","dark","1180x820","playlists","11c478d/dark/1180x820/playlists.png","1180","820","31907","09a3560c5b8b27289075947ef6d4dce9adc022de889518cc6e1574036ab748a4"
"11c478d","production-build-preview","dark","1180x820","playlist","11c478d/dark/1180x820/playlist.png","1180","820","63692","e0a29f69bd11a1f7248789085e17a8f2bcd20b1e0c5f7b1e9ed418c971fd6804"
"11c478d","production-build-preview","dark","1180x820","playing-queue","11c478d/dark/1180x820/playing-queue.png","1180","820","93757","5d58581cc5d10c8cad8afd0e36fb2701db6592111e345a7a56632bf59ea24d5c"
"11c478d","production-build-preview","dark","1180x820","recent-history","11c478d/dark/1180x820/recent-history.png","1180","820","74283","7d1be01f9e9226b056560a88606edb547e270f5339782c4d3fa149cf3a3ea10d"
"11c478d","production-build-preview","dark","1180x820","settings-menu","11c478d/dark/1180x820/settings-menu.png","1180","820","35368","23cedb808d490d84d19d10735206bd05ea7cdd76eaaebb303c6b8e8044222d69"
"11c478d","production-build-preview","dark","1180x820","background-picker","11c478d/dark/1180x820/background-picker.png","1180","820","247890","03748c0c821a6f9dddd63b1b992c16b62b47122fb999f04042b0038733878099"
"11c478d","production-build-preview","dark","1180x820","about-dialog","11c478d/dark/1180x820/about-dialog.png","1180","820","72948","218aaaacd0120e2ca387b7c35a0af9f9d83f338a7d7be9c83323d36bed051b5f"
"11c478d","production-build-preview","dark","1180x820","create-playlist-dialog","11c478d/dark/1180x820/create-playlist-dialog.png","1180","820","42491","9c0f40a8217258cc8bbffd6440b3d7119c7ac312499d77981df1a7a1358ded73"
"11c478d","production-build-preview","dark","1180x820","playlist-filter","11c478d/dark/1180x820/playlist-filter.png","1180","820","173371","3f252e3948b66748bc3a738a0ce5f6714772f96060b53fea03579e8287f8a2ed"
"11c478d","production-build-preview","dark","1180x820","playlist-actions","11c478d/dark/1180x820/playlist-actions.png","1180","820","60580","542d7333f5f46209df2fe2ee3059b62362aa68faeb9797327210632c047c5f5a"
"11c478d","production-build-preview","dark","1180x820","music-actions","11c478d/dark/1180x820/music-actions.png","1180","820","67729","52c95ec21e57ab1e4c4dd3b1420aa8fa0e544a1517135bf8034b8e7a612638f7"
"11c478d","production-build-preview","dark","1180x820","download-manager","11c478d/dark/1180x820/download-manager.png","1180","820","39813","af641b9ad8003bed0987212201a0d9c5578e45ae39bba119d698dd6601249694"
"11c478d","production-build-preview","dark","820x1180","playlists","11c478d/dark/820x1180/playlists.png","820","1180","32349","7a512deabdf2c4c7ccc07ed06528f38f8f39e18914689d03fb74c4c8f213d419"
"11c478d","production-build-preview","dark","820x1180","playlist","11c478d/dark/820x1180/playlist.png","820","1180","99892","f16cd18b09fc06f329a94520a9c0a9de7c3bf2721c2ff9d64ece70b7da05fb41"
"11c478d","production-build-preview","dark","820x1180","playing-queue","11c478d/dark/820x1180/playing-queue.png","820","1180","147258","bb831246b0d8134de03558dbc7ba3442e075e8d6176e00440388971039c3303b"
"11c478d","production-build-preview","dark","820x1180","recent-history","11c478d/dark/820x1180/recent-history.png","820","1180","110373","3ffea3d9ef3d9481b9082693f08c63c18f342adf1dd90417e680688e97b6d2c5"
"11c478d","production-build-preview","dark","820x1180","settings-menu","11c478d/dark/820x1180/settings-menu.png","820","1180","35096","8967a4cb6b6631bde60d9775be4fbdeae29724bb65afa625e5ff6a8addbb264d"
"11c478d","production-build-preview","dark","820x1180","background-picker","11c478d/dark/820x1180/background-picker.png","820","1180","246393","1e8ffa36bb936b6fdb2ae79b2829cabea600c8999e30f21f59b4bcb1c6cbd46d"
"11c478d","production-build-preview","dark","820x1180","about-dialog","11c478d/dark/820x1180/about-dialog.png","820","1180","71834","3b0eba55a04b37cbca49ff7b83efbe64edae4cc9a5df09bdd72e7ae4bd440b31"
"11c478d","production-build-preview","dark","820x1180","create-playlist-dialog","11c478d/dark/820x1180/create-playlist-dialog.png","820","1180","41603","76be9089ae56a6919c09cec44d1fb032b4f5c586d08c0f8e27f3d8e00d76911a"
"11c478d","production-build-preview","dark","820x1180","playlist-filter","11c478d/dark/820x1180/playlist-filter.png","820","1180","189820","8481645e8a8ebea3ac2279b88485422c68f72b6f4ab4b922558db6ae3a14e3b1"
"11c478d","production-build-preview","dark","820x1180","playlist-actions","11c478d/dark/820x1180/playlist-actions.png","820","1180","58124","c3872a222a38de71039c62d6d7fb662772d0671adc238dc55a05f99913ff9eca"
"11c478d","production-build-preview","dark","820x1180","music-actions","11c478d/dark/820x1180/music-actions.png","820","1180","103866","7ec634b3a21f6219ac3e4a3836ee09cacb55e5b65c52d56d2afe67acb86f65c2"
"11c478d","production-build-preview","dark","820x1180","download-manager","11c478d/dark/820x1180/download-manager.png","820","1180","39239","a6cc2abc45a0473ef0e6d0e037bb160d3f325a4e60515d844a8d73355861e3cd"
"11c478d","production-build-preview","dark","393x852","playlists","11c478d/dark/393x852/playlists.png","393","852","25608","e996870830dcc14d8caf6480a73011e71097366b50046cce2d51bef86b952fe1"
"11c478d","production-build-preview","dark","393x852","playlist","11c478d/dark/393x852/playlist.png","393","852","58820","6a6cd1e539d44bf05ef2434a71d7245b6f1c4ddd5d9d4cd3cd8e81901742c4e2"
"11c478d","production-build-preview","dark","393x852","playing-queue","11c478d/dark/393x852/playing-queue.png","393","852","47445","4a6c2f4900033c270e35f1dcc9fe8185ff9c03f4ca3c8c2164d8e3759181531b"
"11c478d","production-build-preview","dark","393x852","recent-history","11c478d/dark/393x852/recent-history.png","393","852","31818","12b0036e9e737ccd2b0b5326022cb102bb2298ef7200a2d0cfd988d50bec26e7"
"11c478d","production-build-preview","dark","393x852","settings-menu","11c478d/dark/393x852/settings-menu.png","393","852","28675","88d089f7701d8d305a105c83b483f0a1a3eb01aabdd9ce5f0ec8e37da2cf035d"
"11c478d","production-build-preview","dark","393x852","background-picker","11c478d/dark/393x852/background-picker.png","393","852","231452","89c9fbab2e537a6bbc336965f753eccf72c94fb225361cad63025a4d38aaab6f"
"11c478d","production-build-preview","dark","393x852","about-dialog","11c478d/dark/393x852/about-dialog.png","393","852","52911","b46ad808a22012d7c32d30ef1fa8ec1845d436514c921ad76142bb8d716ee270"
"11c478d","production-build-preview","dark","393x852","create-playlist-dialog","11c478d/dark/393x852/create-playlist-dialog.png","393","852","31918","79bae3672bf51f4f0df6f27be1b8f9be07916845c5a3f618fe83855a6472556a"
"11c478d","production-build-preview","dark","393x852","playlist-filter","11c478d/dark/393x852/playlist-filter.png","393","852","144538","56ac1079811daad4549d4a8fff638e4e81e262e2cc8745ee4809c3494722105a"
"11c478d","production-build-preview","dark","393x852","playlist-actions","11c478d/dark/393x852/playlist-actions.png","393","852","43380","2d12e9ce2da1ee9758fba5500451dd4a78d50c49b5d3b88a5c94b5719b7165d0"
"11c478d","production-build-preview","dark","393x852","music-actions","11c478d/dark/393x852/music-actions.png","393","852","60966","801ca1be8530917f7bccfd797abc7645c0677fb16fca1691cba3c7fe052c0a77"
"11c478d","production-build-preview","dark","393x852","download-manager","11c478d/dark/393x852/download-manager.png","393","852","33127","1602d4834071c88ba0193ef5ffada72702dbea48c79370734e1c320a1099f0f1"
